{
  "url": "https://cherrynpl.com",
  "data": [
    {
      "ID": "F_MILANO_429_62_53",
      "catasto": "F",
      "titolarita": "Proprieta' per 377/25000",
      "ubicazione": "MILANO (MI) VIA FEZZAN, 9 Piano S1",
      "sub": "53",
      "classamento": "zona2 cat. D/1",
      "classe": "",
      "consistenza": "",
      "rendita": "Euro:106,98",
      "partita": "1348921",
      "altri_dati": ""
    },
    {
      "ID": "F_MILANO_429_62_714",
      "catasto": "F",
      "titolarita": "Proprieta' per 1/1",
      "ubicazione": "MILANO (MI) VIA FEZZAN, 9 Piano S1",
      "comune": "MILANO",
      "foglio": "429",
      "particella": "62",
      "kds": "lskd",
      "ljkfesd": "9394i",
      "lkfdsoi": "kfoiljk2j",
      "sub": "714",
      "classamento": "zona2 cat. C/2",
      "classe": "3",
      "consistenza": "4 mq",
      "rendita": "Euro:5,16",
      "partita": "",
      "altri_dati": ""
    },
    {
      "ID": "F_MILANO_429_62_701",
      "catasto": "F",
      "titolarita": "Proprieta' per 377/25000",
      "ubicazione": "MILANO (MI) VIA FEZZAN, 9 Piano T",
      "comune": "oweuirwoiu",
      "foglio": "429",
      "particella": "62",
      "sub": "3940283498",
      "jkfdsj": ";lk;;kkljl",
      "iejr": "ir23uioi3",
      "ore": "iefdos",
      "kfjdj": "kfjdslk",
      "kfd": "kfdjslk",
      "ie": "kjdflk",
      "lkfdls": "3940283498",
      "classamento": "lksdjlfksd",
      "classe": "pieirweiriwe",
      "consistenza": "oiewru",
      "rendita": "Euro:400,25",
      "partita": "",
      "altri_dati": ""
    }
  ]
}