{
  "url": "https://cherrynpl.com",
  "data": [
    {
      "ID": "F_MILANO_429_62_53",
      "catasto": "F",
      "titolarita": "Proprieta' per 377/25000",
      "ubicazione": "MILANO (MI) VIA FEZZAN, 9 Piano S1",
      "comune": "MILANO",
      "foglio": "429",
      "particella": "62",
      "sub": "53",
      "classamento": "zona2 cat. D/1",
      "classe": "",
      "consistenza": "",
      "rendita": "Euro:106,98",
      "partita": "1348921",
      "altri_dati": ""
    },
    {
      "ID": "F_MILANO_429_62_714",
      "catasto": "F",
      "titolarita": "Proprieta' per 1/1",
      "ubicazione": "MILANO (MI) VIA FEZZAN, 9 Piano S1",
      "comune": "MILANO",
      "foglio": "429",
      "particella": "62",
      "sub": "714",
      "classamento": "zona2 cat. C/2",
      "classe": "3",
      "consistenza": "4 mq",
      "rendita": "Euro:5,16",
      "partita": "",
      "altri_dati": ""
    },
    {
      "ID": "F_MILANO_429_62_701",
      "catasto": "F",
      "titolarita": "Proprieta' per 377/25000",
      "ubicazione": "MILANO (MI) VIA FEZZAN, 9 Piano T",
      "comune": "MILANO",
      "foglio": "429",
      "particella": "62",
      "sub": "701",
      "classamento": "zona2 cat. A/3",
      "classe": "5",
      "consistenza": "2,5 vani",
      "rendita": "Euro:400,25",
      "partita": "",
      "altri_dati": ""
    }
  ]
}
